sci_1,"Dinosauria, Saurischia, Theropoda, Neotherapoda, Tetanurae, Avetherapoda, Coelurosauria, Tyrannoraptora, Maniraptoriformes, Maniraptora, Therizinosauroidea, Beipiaosaurus",inexpectus,Early Cretaceous,Peoples Republic of China
sci_2,"Dinosauria, Saurischia, Sauropodomorpha, Prosauropoda, Plateosauria, Plateosauridae, Mussaurus",patagonicus,Late Triassic,Argentina
sci_3,"Dinosauria, Ornithischia, Genasauria, Cerapoda, Marginocephalia, Ceratopsia, Neoceratopsia, Coronosauria, Ceratopsomorpha, Ceratopsidae, Centrosaurinae, Styracosaurus",albertensis,Late Cretaceous,Canada; USA
sci_4,"Dinosauria, Saurischia, Theropoda, Eoraptor",lunensis,Late Triassic,Argentina
sci_5,"Dinosauria, Saurischia, Theropoda, Neotherapoda, Tetanurae, Avetherapoda, Coelurosauria, Coelurus",fragilis,Late Jurassic,USA
sci_6,"Dinosauria, Ornithischia, Genasauria, Cerapoda, Ornithopoda, Euornithopoda, Leaellynasaura",amicagraphica,Early Cretaceous,Australia
sci_7,"Dinosauria, Saurischia, Theropoda, Neotherapoda, Tetanurae, Avetherapoda, Coelurosauria, Tyrannoraptora, Tyrannosauroidea, Dryptosaurus",aquilunguis,Late Cretaceous,USA
sci_8,"Dinosauria, Saurischia, Sauropodomorpha, Sauropoda, Eusauropoda, Mamenchisaurus",constructus,Late Jurassic,Peoples Republic of China
sci_9,"Dinosauria, Ornithischia, Genasauria, Cerapoda, Marginocephalia, Ceratopsia, Neoceratopsia, Coronosauria, Ceratopsomorpha, Ceratopsidae, Centrosaurinae, Achelousaurus",horneri,Late Cretaceous,USA
sci_10,"Dinosauria, Saurischia, Sauropodomorpha, Sauropoda, Eusauropoda, Aragosaurus",ischiadicus,Early Cretaceous,Spain
sci_11,"Dinosauria, Ornithischia, Genasauria, Thyreophora, Ankylosauromorpha, Ankylosauria, Nodosauridae, Panoplosaurus",mirus,Late Cretaceous,Canada; USA
sci_12,"Dinosauria, Ornithischia, Genasauria, Cerapoda, Ornithopoda, Euornithopoda, Iguanadontia, Euiguanadontia, Dryomorpha, Ankylopollexia, Iguanodontoidea, Probactrosaurus",gobiensis,Early Cretaceous,Peoples Republic of China
sci_13,"Dinosauria, Ornithischia, Genasauria, Cerapoda, Ornithopoda, Euornithopoda, Iguanadontia, Euiguanadontia, Dryomorpha, Ankylopollexia, Iguanodontoidea, Ouranosaurus",nigeriensis,Early Cretaceous,Niger
sci_14,"Dinosauria, Saurischia, Theropoda, Neotherapoda, Tetanurae, Avetherapoda, Coelurosauria, Tyrannoraptora, Maniraptoriformes, Ornithomimosauria, Ornithomimidae, Dromiceiomimus",brevitertius,Late Cretaceous,Canada
sci_15,"Dinosauria, Saurischia, Theropoda, Neotherapoda, Tetanurae, Avetherapoda, Coelurosauria, Tyrannoraptora, Tyrannosauroidea, Tyrannosauridae, Albertosaurinae, Gorgosaurus",libratus,Late Cretaceous,Canada; USA
sci_16,"Dinosauria, Saurischia, Urbacodon",itemirensis,Late Cretaceous,Uzbekistan
sci_17,"Dinosauria, Saurischia, Sauropodomorpha, Sauropoda, Eusauropoda, Neosauropoda, Diplodocoidea, Diplodocidae, Barosaurus",lentus,Late Jurassic,Tanzania; USA
sci_18,"Dinosauria, Saurischia, Sauropodomorpha, Sauropoda, Eusauropoda, Neosauropoda, Macronaria, Camarasauromorpha, Titanosauriformes, Titanosauria, Sonidosaurus",saihangaobiensis,Late Cretaceous,Peoples Republic of China
sci_19,"Dinosauria, Ornithischia, Genasauria, Thyreophora, Ankylosauromorpha, Ankylosauria, Minmi",paravertebra,Early Cretaceous,Australia
sci_20,"Dinosauria, Saurischia, Theropoda, Neotherapoda, Ceratosauria, Neoceratosauria, Abelisauroidea, Abelisauria, Noasaurus",leali,Late Cretaceous,Argentina
sci_21,"Dinosauria, Saurischia, Theropoda, Neotherapoda, Ceratosauria, Neoceratosauria, Elaphrosaurus",bambergi,Late Jurassic,Tanzania
sci_22,"Dinosauria, Saurischia, Sauropodomorpha, Sauropoda, Eusauropoda, Neosauropoda, Macronaria, Camarasauromorpha, Titanosauriformes, Titanosauria, Lithostrotia, Ampelosaurus",atacis,Late Cretaceous,France
sci_23,"Dinosauria, Ornithischia, Genasauria, Cerapoda, Marginocephalia, Ceratopsia, Neoceratopsia, Liaoceratops",yanzigouensis,Early Cretaceous,Peoples Republic of China
sci_24,"Dinosauria, Saurischia, Theropoda, Neotherapoda, Tetanurae, Avetherapoda, Coelurosauria, Proceratosaurus",bradleyi,Mid Jurassic,England; United Kingdom
sci_25,"Dinosauria, Ornithischia, Genasauria, Thyreophora, Ankylosauromorpha, Ankylosauria, Nodosauridae, Struthiosaurus",austriacus,Late Cretaceous,Spain; Austria; France; Romania
sci_26,"Dinosauria, Saurischia, Theropoda, Neotherapoda, Tetanurae, Spinosauroidea, Spinosauridae, Baryonychinae, Baryonyx",walkeri,Early Cretaceous,England; United Kingdom; Spain
sci_27,"Dinosauria, Ornithischia, Pisanosaurus",merti,Late Triassic,Argentina
sci_28,"Dinosauria, Ornithischia, Genasauria, Thyreophora, Ankylosauromorpha, Ankylosauria, Ankylosauridae, Talarurus",plicatospineus,Late Cretaceous,Mongolia
sci_29,"Dinosauria, Saurischia, Theropoda, Neotherapoda, Tetanurae, Avetherapoda, Coelurosauria, Tyrannoraptora, Maniraptoriformes, Maniraptora, Paraves, Eumaniraptora, Dromaeosauridae, Achillobator",giganteus,Late Cretaceous,Mongolia
sci_30,"Dinosauria, Saurischia, Theropoda, Neotherapoda, Tetanurae, Avetherapoda, Carnosauria, Allosauroidea, Allosauridae, Charcharodontosauridae, Giganotosaurinae, Mapusaurus",roseae,Late Cretaceous,Argentina
sci_31,"Dinosauria, Saurischia, Theropoda, Neotherapoda, Tetanurae, Avetherapoda, Coelurosauria, Tyrannoraptora, Maniraptoriformes, Maniraptora, Oviraptorosauria, Hagryphus",giganteus,Late Cretaceous,USA
sci_32,"Dinosauria, Ornithischia, Genasauria, Thyreophora, Ankylosauromorpha, Ankylosauria, Antarctopelta",oliveroi,Late Cretaceous,Antarctica
sci_33,"Dinosauria, Ornithischia, Genasauria, Cerapoda, Heterodontosauridae, Lycorhinus",angustidens,Late Triassic,South Africa
sci_34,"Dinosauria, Saurischia, Theropoda, Neotherapoda, Tetanurae, Avetherapoda, Coelurosauria, Compsognathidae, Sinosauropteryx",prima,Early Cretaceous,Peoples Republic of China
sci_35,"Dinosauria, Ornithischia, Genasauria, Cerapoda, Ornithopoda, Euornithopoda, Iguanadontia, Euiguanadontia, Dryomorpha, Ankylopollexia, Iguanodontoidea, Hadrosauridae, Telmatosaurus",transsylvanicus,Late Cretaceous,Spain; France; Romania
sci_36,"Dinosauria, Ornithischia, Genasauria, Cerapoda, Ornithopoda, Euornithopoda, Iguanadontia, Euiguanadontia, Dryomorpha, Dryosauridae, Dryosaurus",altus,Late Jurassic,Tanzania; USA
sci_37,"Dinosauria, Saurischia, Theropoda, Neotherapoda, Tetanurae, Avetherapoda, Coelurosauria, Tyrannoraptora, Maniraptoriformes, Ornithomimosauria, Ornithomimidae, Gallimimus",bullatus,Late Cretaceous,Mongolia
sci_38,"Dinosauria, Saurischia, Sauropodomorpha, Sauropoda, Eusauropoda, Neosauropoda, Macronaria, Camarasauromorpha, Titanosauriformes, Titanosauria, Hypselosaurus",priscus,Late Cretaceous,Spain; France
sci_39,"Dinosauria, Saurischia, Theropoda, Herrerasauridae, Herrerasaurus",ischigualastensis,Late Triassic,Argentina
sci_40,"Dinosauria, Ornithischia, Genasauria, Cerapoda, Marginocephalia, Ceratopsia, Neoceratopsia, Bagaceratopsidae, Bagaceratops",rozhdestvenskyi,Late Cretaceous,Mongolia
sci_41,"Dinosauria, Ornithischia, Genasauria, Thyreophora, Ankylosauromorpha, Ankylosauria, Polacanthus",foxii,Early Cretaceous,England; United Kingdom
sci_42,"Dinosauria, Saurischia, Theropoda, Neotherapoda, Ceratosauria, Neoceratosauria, Abelisauridae, Abelisaurinae, Abelisaurus",comahuensis,Late Cretaceous,Argentina
sci_43,"Dinosauria, Ornithischia, Genasauria, Cerapoda, Marginocephalia, Ceratopsia, Neoceratopsia, Coronosauria, Protoceratops",andrewsi,Late Cretaceous,Peoples Republic of China; Mongolia
sci_44,"Dinosauria, Saurischia, Theropoda, Neotherapoda, Tetanurae, Avetherapoda, Coelurosauria, Tyrannoraptora, Maniraptoriformes, Maniraptora, Oviraptorosauria, Caenagnathoidea, Oviraptoridae, Ingeniinae, Khaan",mckennai,Late Cretaceous,Mongolia
sci_45,"Dinosauria, Ornithischia, Genasauria, Thyreophora, Scutellosaurus",lawleri,Early Jurassic,USA
sci_46,"Dinosauria, Ornithischia, Genasauria, Cerapoda, Marginocephalia, Ceratopsia, Neoceratopsia, Udanoceratops",tschizhovi,Late Cretaceous,Mongolia
sci_47,"Dinosauria, Saurischia, Sauropodomorpha, Sauropoda, Eusauropoda, Neosauropoda, Macronaria, Bellusaurus",sui,Mid Jurassic,Peoples Republic of China
sci_48,"Dinosauria, Saurischia, Theropoda, Neotherapoda, Tetanurae, Avetherapoda, Gasosaurus",constructus,Mid Jurassic,Peoples Republic of China
sci_49,"Dinosauria, Saurischia, Theropoda, Neotherapoda, Ceratosauria, Coelophysoidea, Coelophysidae, Segisaurus",halli,Mid Jurassic,USA
sci_50,"Dinosauria, Saurischia, Theropoda, Neotherapoda, Tetanurae, Avetherapoda, Coelurosauria, Tyrannoraptora, Maniraptoriformes, Maniraptora, Paraves, Eumaniraptora, Dromaeosauridae, Utahraptor",ostrommaysorum,Early Cretaceous,USA
sci_51,"Dinosauria, Ornithischia, Genasauria, Thyreophora, Ankylosauromorpha, Ankylosauria, Ankylosauridae, Tsagantegia",longicranialis,Late Cretaceous,Mongolia
sci_52,"Dinosauria, Saurischia, Sauropodomorpha, Sauropoda, Eusauropoda, Neosauropoda, Macronaria, Camarasauromorpha, Titanosauriformes, Titanosauria, Lithostrotia, Saltasauridae, Saltasaurus",loricatus,Late Cretaceous,Argentina; Uruguay
sci_53,"Dinosauria, Ornithischia, Genasauria, Thyreophora, Emausaurus",ernsti,Mid Jurassic,Germany
sci_54,"Dinosauria, Saurischia, Theropoda, Neotherapoda, Tetanurae, Avetherapoda, Coelurosauria, Tyrannoraptora, Maniraptoriformes, Ornithomimosauria, Garudimimus",brevipes,Late Cretaceous,Mongolia
sci_55,"Dinosauria, Ornithischia, Genasauria, Cerapoda, Ornithopoda, Euornithopoda, Iguanadontia, Euiguanadontia, Dryomorpha, Ankylopollexia, Iguanodontoidea, Hadrosauridae, Euhadrosauria, Hadrosaurinae, Anatotitan",copei,Late Cretaceous,USA
sci_56,"Dinosauria, Saurischia, Theropoda, Neotherapoda, Tetanurae, Avetherapoda, Carnosauria, Allosauroidea, Sinraptoridae, Yangchuanosaurus",shangyouensis,Late Jurassic,Peoples Republic of China
sci_57,"Dinosauria, Saurischia, Sauropodomorpha, Sauropoda, Eusauropoda, Neosauropoda, Diplodocoidea, Rebbachisauridae, Rebbachisaurus",garasbae,Early Cretaceous,Morocco
sci_58,"Dinosauria, Ornithischia, Genasauria, Thyreophora, Ankylosauromorpha, Ankylosauria, Ankylosauridae, Cedarpelta",bilbeyhallorum,Early Cretaceous,USA
sci_59,"Dinosauria, Ornithischia, Genasauria, Cerapoda, Marginocephalia, Ceratopsia, Neoceratopsia, Chaoyangsaurus",youngi,Late Jurassic,Peoples Republic of China
sci_60,"Dinosauria, Ornithischia, Genasauria, Cerapoda, Ornithopoda, Euornithopoda, Agilisaurus",louderbacki,Late Jurassic,Peoples Republic of China
sci_61,"Dinosauria, Saurischia, Theropoda, Neotherapoda, Tetanurae, Avetherapoda, Coelurosauria, Tyrannoraptora, Tyrannosauroidea, Eotyrannus",lengi,Early Cretaceous,England; United Kingdom
sci_62,"Dinosauria, Ornithischia, Genasauria, Cerapoda, Ornithopoda, Euornithopoda, Iguanadontia, Euiguanadontia, Dryomorpha, Ankylopollexia, Iguanodontoidea, Hadrosauridae, Euhadrosauria, Hadrosaurinae, Brachylophosaurus",canadensis,Late Cretaceous,Canada; USA
sci_63,"Dinosauria, Saurischia, Sauropodomorpha, Sauropoda, Eusauropoda, Neosauropoda, Diplodocoidea, Rebbachisauridae, Nigersaurus",taqueti,Early Cretaceous,Niger; Algeria; Tunisia
sci_64,"Dinosauria, Ornithischia, Genasauria, Cerapoda, Marginocephalia, Ceratopsia, Neoceratopsia, Coronosauria, Leptoceratops",gracilis,Late Cretaceous,Canada; USA
sci_65,"Dinosauria, Saurischia, Theropoda, Neotherapoda, Tetanurae, Avetherapoda, Coelurosauria, Tyrannoraptora, Maniraptoriformes, Maniraptora, Paraves, Eumaniraptoria, Troodontidae, Troodon",formosus,Late Cretaceous,USA
sci_66,"Dinosauria, Saurischia, Theropoda, Neotherapoda, Ceratosauria, Coelophysoidea, Podokesaurus",holyokensis,Mid Jurassic,USA
sci_67,"Dinosauria, Saurischia, Theropoda, Neotherapoda, Tetanurae, Avetherapoda, Carnosauria, Allosauroidea, Allosauridae, Saurophaganax",maximus,Late Jurassic,USA
sci_68,"Dinosauria, Ornithischia, Genasauria, Cerapoda, Marginocephalia, Pachycephalosauria, Goyocephala, Homalocephaloidea, Pachycephalosauridae, Pachycephalosaurus",wyomingensis,Late Cretaceous,Canada; USA
sci_69,"Dinosauria, Saurischia, Sauropodomorpha, Prosauropoda, Plateosauria, Plateosauridae, Euskelosaurus",browni,Late Triassic,Lesotho; South Africa; Zimbabwe
sci_70,"Dinosauria, Ornithischia, Genasauria, Cerapoda, Ornithopoda, Euornithopoda, Bugenasaura",infernalis,Late Cretaceous,USA
sci_71,"Dinosauria, Saurischia, Theropoda, Neotherapoda, Tetanurae, Avetherapoda, Coelurosauria, Tyrannoraptora, Maniraptoriformes, Maniraptora, Therizinosauroidea, Therizinosauridae, Erlikosaurus",andrewsi,Late Cretaceous,Mongolia
sci_72,"Dinosauria, Ornithischia, Genasauria, Cerapoda, Ornithopoda, Euornithopoda, Iguanadontia, Euiguanadontia, Dryomorpha, Ankylopollexia, Iguanodontoidea, Hadrosauridae, Euhadrosauria, Hadrosaurinae, Maiasaura",peeblesorum,Late Cretaceous,USA
sci_73,"Dinosauria, Ornithischia, Genasauria, Thyreophora, Stegosauria, Stegosauridae, Stegosaurinae, Kentrosaurus",aethiopicus,Late Jurassic,Tanzania
sci_74,"Dinosauria, Saurischia, Sauropodomorpha, Sauropoda, Eusauropoda, Neosauropoda, Macronaria, Camarasauromorpha, Titanosauriformes, Brachiosauridae, Brachiosaurus",altithorax,Late Jurassic,Tanzania; USA; Portugal; Algeria
sci_75,"Dinosauria, Ornithischia, Lesothosaurus",diagnosticus,Early Jurassic,Lesotho
sci_76,"Dinosauria, Saurischia, Theropoda, Neotherapoda, Tetanurae, Avetherapoda, Coelurosauria, Tyrannoraptora, Maniraptoriformes, Maniraptora, Oviraptorosauria, Caenagnathoidea, Caenagnathidae, Nomingia",gobiensis,Late Cretaceous,Mongolia
sci_77,"Dinosauria, Ornithischia, Genasauria, Cerapoda, Marginocephalia, Ceratopsia, Psittacosauridae, Psittacosaurus",mongoliensis,Early Cretaceous,Peoples Republic of China; Mongolia; Russia
sci_78,"Dinosauria, Saurischia, Sauropodomorpha, Prosauropoda, Anchisauria, Melanorosauridae, Melanorosaurus",readi,Late Triassic,South Africa
sci_79,"Dinosauria, Ornithischia, Genasauria, Cerapoda, Ornithopoda, Euornithopoda, Iguanadontia, Tenontosaurus",tillettorum,Early Cretaceous,Canada; USA
sci_80,"Dinosauria, Ornithischia, Genasauria, Cerapoda, Marginocephalia, Ceratopsia, Neoceratopsia, Coronosauria, Ceratopsomorpha, Ceratopsidae, Centrosaurinae, Brachyceratops",montanensis,Late Cretaceous,USA
sci_81,"Dinosauria, Saurischia, Sauropodomorpha, Prosauropoda, Yimenosaurus",youngi,Early Jurassic,Peoples Republic of China
sci_82,"Dinosauria, Ornithischia, Genasauria, Cerapoda, Ornithopoda, Euornithopoda, Iguanadontia, Euiguanadontia, Dryomorpha, Ankylopollexia, Iguanodontoidea, Equijubus",normani,Early Cretaceous,Peoples Republic of China
sci_83,"Dinosauria, Ornithischia, Genasauria, Thyreophora, Ankylosauromorpha, Ankylosauria, Gastonia",burgei,Early Cretaceous,USA
sci_84,"Dinosauria, Ornithischia, Genasauria, Thyreophora, Ankylosauromorpha, Ankylosauria, Nodosauridae, Edmontonia",longiceps,Late Cretaceous,Canada
sci_85,"Dinosauria, Saurischia, Theropoda, Neotherapoda, Tetanurae, Avetherapoda, Coelurosauria, Tyrannoraptora, Maniraptoriformes, Maniraptora, Oviraptorosauria, Caenagnathoidea, Oviraptoridae, Ingeniinae, Ingenia",yanshini,Late Cretaceous,Mongolia
sci_86,"Dinosauria, Ornithischia, Genasauria, Cerapoda, Marginocephalia, Pachycephalosauria, Goyocephala, Homalocephaloidea, Pachycephalosauridae, Prenocephale",prenes,Late Cretaceous,Mongolia
sci_87,"Dinosauria, Saurischia, Sauropodomorpha, Sauropoda, Eusauropoda, Yuanmousaurus",jiangyiensis,Mid Jurassic,Peoples Republic of China
sci_88,"Dinosauria, Ornithischia, Genasauria, Cerapoda, Marginocephalia, Ceratopsia, Neoceratopsia, Coronosauria, Ceratopsomorpha, Ceratopsidae, Chasmosaurinae, Triceratops",horridus,Late Cretaceous,USA
sci_89,"Dinosauria, Ornithischia, Genasauria, Cerapoda, Ornithopoda, Euornithopoda, Iguanadontia, Rhabdodontidae, Rhabdodon",priscus,Late Cretaceous,Spain; Austria; France; Romania
sci_90,"Dinosauria, Saurischia, Sauropodomorpha, Sauropoda, Eusauropoda, Neosauropoda, Macronaria, Camarasauromorpha, Titanosauriformes, Titanosauria, Lithostrotia, Saltasauridae, Saltasaurinae, Maxakalisaurus",topai,Late Cretaceous,Brazil
sci_91,"Dinosauria, Saurischia, Sauropodomorpha, Sauropoda, Eusauropoda, Neosauropoda, Diplodocoidea, Nemegtosauridae, Quaesitosaurus",orientalis,Late Cretaceous,Mongolia
sci_92,"Dinosauria, Saurischia, Sauropodomorpha, Sauropoda, Eusauropoda, Neosauropoda, Macronaria, Camarasauromorpha, Titanosauriformes, Titanosauria, Aegyptosaurus",baharijensis,Late Cretaceous,Egypt
sci_93,"Dinosauria, Saurischia, Sauropodomorpha, Sauropoda, Eusauropoda, Amygdalodon",patagonicus,Mid Jurassic,Argentina
sci_94,"Dinosauria, Ornithischia, Genasauria, Cerapoda, Marginocephalia, Ceratopsia, Neoceratopsia, Coronosauria, Ceratopsomorpha, Ceratopsidae, Centrosaurinae, Centrosaurus",apertus,Late Cretaceous,Canada
sci_95,"Dinosauria, Saurischia, Theropoda, Neotherapoda, Tetanurae, Spinosauroidea, Spinosauridae, Spinosaurinae, Irritator",challengeri,Early Cretaceous,Brazil
sci_96,"Dinosauria, Ornithischia, Genasauria, Cerapoda, Marginocephalia, Ceratopsia, Neoceratopsia, Graciliceratops",mongoliensis,Late Cretaceous,Mongolia
sci_97,"Dinosauria, Saurischia, Theropoda, Neotherapoda, Tetanurae, Avetherapoda, Carnosauria, Allosauroidea, Carcharodontosauridae, Carcharodontosaurus",saharicus,Late Cretaceous,North Africa
sci_98,"Dinosauria, Ornithischia, Genasauria, Cerapoda, Ornithopoda, Euornithopoda, Iguanadontia, Euiguanadontia, Dryomorpha, Ankylopollexia, Iguanodontoidea, Hadrosauridae, Euhadrosauria, Lambeosaurinae, Lambeosaurus",lambei,Late Cretaceous,Canada
sci_99,"Dinosauria, Saurischia, Theropoda, Neotherapoda, Tetanurae, Avetherapoda, Coelurosauria, Tyrannoraptora, Tyrannosauroidea, Tyrannosauridae, Tyrannosaurinae, Tyrannosaurus",rex,Late Cretaceous,Canada; USA
sci_100,"Dinosauria, Saurischia, Sauropodomorpha, Sauropoda, Eusauropoda, Neosauropoda, Diplodocoidea, Cetiosauriscus",stewarti,Mid Jurassic,England; United Kingdom
sci_101,"Dinosauria, Ornithischia, Genasauria, Cerapoda, Ornithopoda, Euornithopoda, Iguanadontia, Euiguanadontia, Dryomorpha, Ankylopollexia, Iguanodontoidea, Jinzhousaurus",yangi,Early Cretaceous,Peoples Republic of China
sci_102,"Dinosauria, Saurischia, Theropoda, Neotherapoda, Tetanurae, Avetherapoda, Coelurosauria, Tyrannoraptora, Maniraptoriformes, Maniraptora, Paraves, Eumaniraptora, Dromaeosauridae, Unenlagiinae, Buitreraptor",gonzalezorum,Late Cretaceous,Argentina
sci_103,"Dinosauria, Ornithischia, Genasauria, Cerapoda, Ornithopoda, Euornithopoda, Iguanadontia, Euiguanadontia, Dryomorpha, Ankylopollexia, Iguanodontoidea, Hadrosauridae, Euhadrosauria, Hadrosaurinae, Gryposaurus",notabilis,Late Cretaceous,Canada; USA
sci_104,"Dinosauria, Saurischia, Theropoda, Neotherapoda, Ceratosauria, Coelophysoidea, Liliensternus",liliensterni,Late Triassic,Germany; France
sci_105,"Dinosauria, Ornithischia, Genasauria, Thyreophora, Ankylosauromorpha, Ankylosauria, Ankylosauridae, Shamosaurus",scutatus,Early Cretaceous,Mongolia
sci_106,"Dinosauria, Ornithischia, Genasauria, Cerapoda, Marginocephalia, Ceratopsia, Neoceratopsia, Coronosauria, Ceratopsomorpha, Zuniceratops",christopheri,Late Cretaceous,USA
sci_107,"Dinosauria, Ornithischia, Genasauria, Cerapoda, Ornithopoda, Euornithopoda, Atlascopcosaurus",loadsi,Early Cretaceous,Australia
sci_108,"Dinosauria, Saurischia, Theropoda, Neotherapoda, Tetanurae, Spinosauroidea, Megalosauridae, Eustreptospondylinae, Piatnitzkysaurus",floresi,Late Jurassic,Argentina
sci_109,"Dinosauria, Saurischia, Theropoda, Neotherapoda, Tetanurae, Avetherapoda, Carnosauria, Allosauroidea, Allosauridae, Allosaurus",fragilis,Late Jurassic,Portugal; USA
sci_110,"Dinosauria, Saurischia, Theropoda, Neotherapoda, Tetanurae, Spinosauroidea, Megalosauridae, Eustreptospondylinae, Afrovenator",abakensis,Early Cretaceous,Niger
sci_111,"Dinosauria, Saurischia, Sauropodomorpha, Sauropoda, Vulcanodontidae, Vulcanodon",karibaensis,Early Jurassic,Zimbabwe
sci_112,"Dinosauria, Ornithischia, Genasauria, Cerapoda, Marginocephalia, Ceratopsia, Neoceratopsia, Coronosauria, Ceratopsomorpha, Ceratopsidae, Chasmosaurinae, Anchiceratops",ornatus,Late Cretaceous,Canada
sci_113,"Dinosauria, Ornithischia, Genasauria, Cerapoda, Ornithopoda, Euornithopoda, Iguanadontia, Euiguanadontia, Dryomorpha, Ankylopollexia, Iguanodontoidea, Hadrosauridae, Euhadrosauria, Hadrosaurinae, Lophorhothon",atopus,Late Cretaceous,USA
sci_114,"Dinosauria, Ornithischia, Genasauria, Cerapoda, Ornithopoda, Euornithopoda, Zephyrosaurus",schaffi,Early Cretaceous,USA
sci_115,"Dinosauria, Ornithischia, Genasauria, Cerapoda, Ornithopoda, Euornithopoda, Iguanadontia, Euiguanadontia, Dryomorpha, Ankylopollexia, Iguanodontoidea, Iguanodon",bernissartensis,Early Cretaceous,England; United Kingdom; Germany; USA; Spain; Belgium
sci_116,"Dinosauria, Saurischia, Sauropodomorpha, Prosauropoda, Plateosauria, Plateosauridae, Massospondylus",carinatus,Early Jurassic,Lesotho; South Africa; Zimbabwe
sci_117,"Dinosauria, Saurischia, Theropoda, Neotherapoda, Tetanurae, Avetherapoda, Coelurosauria, Deltadromeus",agilis,Late Cretaceous,Morocco
sci_118,"Dinosauria, Ornithischia, Genasauria, Cerapoda, Ornithopoda, Euornithopoda, Iguanadontia, Euiguanadontia, Dryomorpha, Ankylopollexia, Iguanodontoidea, Fukuisaurus",tetoriensius,Early Cretaceous,Japan
sci_119,"Dinosauria, Ornithischia, Genasauria, Cerapoda, Marginocephalia, Ceratopsia, Neoceratopsia, Bagaceratopsidae, Lamaceratops",tereschenkoi,Late Cretaceous,Mongolia
sci_120,"Dinosauria, Saurischia, Sauropodomorpha, Sauropoda, Eusauropoda, Neosauropoda, Macronaria, Camarasauromorpha, Titanosauriformes, Titanosauria, Erketu",ellisoni,Early Cretaceous,Mongolia
sci_121,"Dinosauria, Ornithischia, Genasauria, Cerapoda, Marginocephalia, Pachycephalosauria, Goyocephala, Homalocephaloidea, Homalocephale",calathocercos,Late Cretaceous,Mongolia
sci_122,"Dinosauria, Ornithischia, Genasauria, Cerapoda, Ornithopoda, Euornithopoda, Orodromeus",makelai,Late Cretaceous,USA
sci_123,"Dinosauria, Saurischia, Sauropodomorpha, Sauropoda, Eusauropoda, Cetiosauridae, Cetiosaurus",oxoniensis,Mid Jurassic,England; United Kingdom
sci_124,"Dinosauria, Saurischia, Theropoda, Neotherapoda, Tetanurae, Avetherapoda, Coelurosauria, Tyrannoraptora, Tyrannosauroidea, Alioramus",remotus,Late Cretaceous,Mongolia
sci_125,"Dinosauria, Saurischia, Theropoda, Neotherapoda, Tetanurae, Avetherapoda, Coelurosauria, Tyrannoraptora, Tyrannosauroidea, Guanlong",wucaii,Late Jurassic,Peoples Republic of China
sci_126,"Dinosauria, Ornithischia, Genasauria, Cerapoda, Ornithopoda, Euornithopoda, Iguanadontia, Euiguanadontia, Dryomorpha, Dryosauridae, Valdosaurus",canaliculatus,Early Cretaceous,England; United Kingdom; Niger; Romania
sci_127,"Dinosauria, Ornithischia, Genasauria, Cerapoda, Marginocephalia, Ceratopsia, Neoceratopsia, Coronosauria, Ceratopsomorpha, Ceratopsidae, Chasmosaurinae, Torosaurus",latus,Late Cretaceous,Canada; USA
sci_128,"Dinosauria, Saurischia, Sauropodomorpha, Sauropoda, Eusauropoda, Neosauropoda, Macronaria, Camarasauromorpha, Titanosauriformes, Titanosauria, Lithostrotia, Paralititan",stromeri,Late Cretaceous,Egypt
sci_129,"Dinosauria, Saurischia, Sauropodomorpha, Sauropoda, Eusauropoda, Neosauropoda, Macronaria, Camarasauromorpha, Titanosauriformes, Titanosauria, Lithostrotia, Saltasauridae, Opisthocoelicaudia",skarzynskii,Late Cretaceous,Mongolia
sci_130,"Dinosauria, Saurischia, Theropoda, Neotherapoda, Tetanurae, Avetherapoda, Coelurosauria, Tyrannoraptora, Tyrannosauroidea, Alectrosaurus",olseni,Late Cretaceous,Peoples Republic of China; Mongolia
sci_131,"Dinosauria, Saurischia, Theropoda, Neotherapoda, Tetanurae, Avetherapoda, Coelurosauria, Tyrannoraptora, Maniraptoriformes, Maniraptora, Alvarezsauridae, Mononykus",olecranus,Late Cretaceous,Peoples Republic of China; Mongolia
sci_132,"Dinosauria, Saurischia, Theropoda, Neotherapoda, Tetanurae, Avetherapoda, Carnosauria, Monolophosaurus",jiangi,Mid Jurassic,Peoples Republic of China
sci_133,"Dinosauria, Saurischia, Theropoda, Neotherapoda, Tetanurae, Avetherapoda, Coelurosauria, Tyrannoraptora, Maniraptoriformes, Maniraptora, Paraves, Eumaniraptora, Dromaeosauridae, Bambiraptor",feinbergorum,Late Cretaceous,USA
sci_134,"Dinosauria, Saurischia, Theropoda, Neotherapoda, Tetanurae, Spinosauroidea, Megalosauridae, Megalosaurinae, Poekilopleuron",bucklandii,Mid Jurassic,France
sci_135,"Dinosauria, Saurischia, Sauropodomorpha, Sauropoda, Eusauropoda, Neosauropoda, Macronaria, Camarasauromorpha, Camarasauridae, Haplocanthosaurus",priscus,Late Jurassic,USA
sci_136,"Dinosauria, Saurischia, Theropoda, Neotherapoda, Tetanurae, Avetherapoda, Coelurosauria, Tyrannoraptora, Maniraptoriformes, Maniraptora, Oviraptorosauria, Caenagnathoidea, Oviraptoridae, Ingeniinae, Conchoraptor",gracilis,Late Cretaceous,Mongolia
sci_137,"Dinosauria, Ornithischia, Genasauria, Thyreophora, Stegosauria, Stegosauridae, Stegosaurinae, Hesperosaurus",mjosi,Late Jurassic,USA
sci_138,"Dinosauria, Ornithischia, Genasauria, Cerapoda, Ornithopoda, Euornithopoda, Iguanadontia, Euiguanadontia, Dryomorpha, Ankylopollexia, Iguanodontoidea, Hadrosauridae, Bactrosaurus",johnsoni,Late Cretaceous,Peoples Republic of China
sci_139,"Dinosauria, Saurischia, Theropoda, Neotherapoda, Tetanurae, Avetherapoda, Coelurosauria, Tyrannoraptora, Maniraptoriformes, Maniraptora, Therizinosauroidea, Therizinosauridae, Therizinosaurus",cheloniformis,Late Cretaceous,Mongolia
sci_140,"Dinosauria, Saurischia, Theropoda, Neotherapoda, Tetanurae, Avetherapoda, Coelurosauria, Tyrannoraptora, Maniraptoriformes, Maniraptora, Alvarezsauridae, Shuvuuia",deserti,Late Cretaceous,Mongolia
sci_141,"Dinosauria, Saurischia, Theropoda, Neotherapoda, Tetanurae, Avetherapoda, Coelurosauria, Nqwebasaurus",thwazi,Mid Jurassic,South Africa
sci_142,"Dinosauria, Saurischia, Sauropodomorpha, Prosauropoda, Anchisauria, Melanorosauridae, Avalonia",sanfordi,Late Triassic,England; United Kingdom
sci_143,"Dinosauria, Saurischia, Theropoda, Neotherapoda, Tetanurae, Avetherapoda, Coelurosauria, Tyrannoraptora, Tyrannosauroidea, Tyrannosauridae, Tyrannosaurinae, Tarbosaurus",bataar,Late Cretaceous,Peoples Republic of China; Mongolia
sci_144,"Dinosauria, Ornithischia, Genasauria, Cerapoda, Ornithopoda, Euornithopoda, Iguanadontia, Euiguanadontia, Dryomorpha, Ankylopollexia, Iguanodontoidea, Muttaburrasaurus",langdoni,Early Cretaceous,Australia
sci_145,"Dinosauria, Saurischia, Sauropodomorpha, Sauropoda, Chinshakiangosaurus",zhongheensis,Late Jurassic,Peoples Republic of China
sci_146,"Dinosauria, Ornithischia, Genasauria, Thyreophora, Ankylosauromorpha, Ankylosauria, Nodosauridae, Sauropelta",edwardsorum,Early Cretaceous,USA
sci_147,"Dinosauria, Ornithischia, Genasauria, Cerapoda, Ornithopoda, Euornithopoda, Iguanadontia, Euiguanadontia, Dryomorpha, Ankylopollexia, Camptosaurus",dispar,Late Jurassic,England; United Kingdom; USA
sci_148,"Dinosauria, Saurischia, Sauropodomorpha, Prosauropoda, Anchisauria, Anchisauridae, Anchisaurus",polyzelous,Early Jurassic,USA
sci_149,"Dinosauria, Ornithischia, Genasauria, Thyreophora, Stegosauria, Huayangosauridae, Huayangosaurus",taibaii,Mid Jurassic,Peoples Republic of China
sci_150,"Dinosauria, Saurischia, Theropoda, Neotherapoda, Tetanurae, Avetherapoda, Coelurosauria, Tyrannoraptora, Maniraptoriformes, Maniraptora, Paraves, Eumaniraptora, Dromaeosauridae, Microraptor",zhaoianus,Early Cretaceous,Peoples Republic of China
sci_151,"Dinosauria, Saurischia, Theropoda, Guaibasaurus",candelariensis,Late Triassic,Brazil
sci_152,"Dinosauria, Saurischia, Theropoda, Neotherapoda, Ceratosauria, Neoceratosauria, Abelisauroidea, Abelisauria, Aucasaurus",garridoi,Late Cretaceous,Argentina
sci_153,"Dinosauria, Saurischia, Theropoda, Neotherapoda, Tetanurae, Avetherapoda, Coelurosauria, Tyrannoraptora, Maniraptoriformes, Maniraptora, Paraves, Eumaniraptora, Dromaeosauridae, Deinonychus",antirrhopus,Early Cretaceous,USA
sci_154,"Dinosauria, Ornithischia, Genasauria, Thyreophora, Ankylosauromorpha, Ankylosauria, Ankylosauridae, Saichania",chulsanensis,Late Cretaceous,Mongolia
sci_155,"Dinosauria, Saurischia, Sauropodomorpha, Sauropoda, Eusauropoda, Neosauropoda, Macronaria, Camarasauromorpha, Titanosauriformes, Titanosauria, Argentinosaurus",huinculensis,Late Cretaceous,Argentina
sci_156,"Dinosauria, Ornithischia, Genasauria, Cerapoda, Ornithopoda, Euornithopoda, Iguanadontia, Rhabdodontidae, Zalmoxes",robustus,Late Cretaceous,Romania
sci_157,"Dinosauria, Saurischia, Pantydraco",caducus,Early Jurassic,Wales; United Kingdom
sci_158,"Dinosauria, Ornithischia, Genasauria, Cerapoda, Ornithopoda, Euornithopoda, Iguanadontia, Euiguanadontia, Dryomorpha, Ankylopollexia, Iguanodontoidea, Hadrosauridae, Euhadrosauria, Hadrosaurinae, Hadrosaurus",foulkii,Late Cretaceous,USA
sci_159,"Dinosauria, Ornithischia, Genasauria, Cerapoda, Heterodontosauridae, Heterodontosaurus",tucki,Early Jurassic,Lesotho; South Africa
sci_160,"Dinosauria, Ornithischia, Genasauria, Thyreophora, Ankylosauromorpha, Ankylosauria, Gargoyleosaurus",parkpinorum,Late Jurassic,USA
sci_161,"Dinosauria, Saurischia, Sauropodomorpha, Sauropoda, Eusauropoda, Neosauropoda, Macronaria, Camarasauromorpha, Titanosauriformes, Titanosauria, Lithostrotia, Alamosaurus",sanjuanensis,Late Cretaceous,USA
sci_162,"Dinosauria, Ornithischia, Genasauria, Cerapoda, Ornithopoda, Euornithopoda, Iguanadontia, Euiguanadontia, Dryomorpha, Ankylopollexia, Iguanodontoidea, Hadrosauridae, Euhadrosauria, Lambeosaurinae, Nipponosaurus",sachalinensis,Late Cretaceous,Russia
sci_163,"Dinosauria, Ornithischia, Genasauria, Cerapoda, Marginocephalia, Ceratopsia, Neoceratopsia, Archaeoceratops",oshimai,Early Cretaceous,Peoples Republic of China
sci_164,"Dinosauria, Saurischia, Sauropodomorpha, Sauropoda, Eusauropoda, Neosauropoda, Macronaria, Camarasauromorpha, Titanosauriformes, Pelorosaurus",conybearei,Early Cretaceous,England; United Kingdom
sci_165,"Dinosauria, Ornithischia, Genasauria, Cerapoda, Ornithopoda, Euornithopoda, Iguanadontia, Euiguanadontia, Dryomorpha, Ankylopollexia, Iguanodontoidea, Hadrosauridae, Euhadrosauria, Hadrosaurinae, Saurolophus",osborni,Late Cretaceous,Canada; Mongolia
sci_166,"Dinosauria, Ornithischia, Genasauria, Thyreophora, Scelidosauridae, Scelidosaurus",harrisonii,Early Jurassic,England; United Kingdom
sci_167,"Dinosauria, Ornithischia, Genasauria, Cerapoda, Ornithopoda, Euornithopoda, Iguanadontia, Euiguanadontia, Dryomorpha, Ankylopollexia, Iguanodontoidea, Lurdusaurus",arenatus,Early Cretaceous,Niger
sci_168,"Dinosauria, Ornithischia, Genasauria, Cerapoda, Marginocephalia, Pachycephalosauria, Micropachycephalosaurus",hongtuyanensis,Late Cretaceous,Peoples Republic of China
sci_169,"Dinosauria, Ornithischia, Genasauria, Cerapoda, Ornithopoda, Euornithopoda, Iguanadontia, Euiguanadontia, Dryomorpha, Ankylopollexia, Iguanodontoidea, Hadrosauridae, Gilmoreosaurus",mongoliensis,Late Cretaceous,Peoples Republic of China
sci_170,"Dinosauria, Saurischia, Theropoda, Neotherapoda, Tetanurae, Avetherapoda, Coelurosauria, Tyrannoraptora, Maniraptoriformes, Maniraptora, Paraves, Eumaniraptora, Dromaeosauridae, Sinornithosaurus",millenii,Early Cretaceous,Peoples Republic of China
sci_171,"Dinosauria, Saurischia, Theropoda, Neotherapoda, Ceratosauria, Neoceratosauria, Abelisauridae, Carnotaurus",sastrei,Late Cretaceous,Argentina
sci_172,"Dinosauria, Saurischia, Theropoda, Neotherapoda, Tetanurae, Avetherapoda, Coelurosauria, Tyrannoraptora, Maniraptoriformes, Maniraptora, Paraves, Eumaniraptora, Protarchaeopteryx",robusta,Early Cretaceous,Peoples Republic of China
sci_173,"Dinosauria, Saurischia, Theropoda, Neotherapoda, Tetanurae, Avetherapoda, Carnosauria, Fukuiraptor",kitadaniensis,Early Cretaceous,Japan
sci_174,"Dinosauria, Saurischia, Sauropodomorpha, Prosauropoda, Plateosauria, Plateosauridae, Plateosaurus",engelhardti,Late Triassic,Germany; France; Switzerland
sci_175,"Dinosauria, Ornithischia, Genasauria, Thyreophora, Stegosauria, Stegosauridae, Stegosaurinae, Tuojiangosaurus",multispinus,Late Jurassic,Peoples Republic of China
sci_176,"Dinosauria, Saurischia, Theropoda, Neotherapoda, Tetanurae, Avetherapoda, Coelurosauria, Tyrannoraptora, Maniraptoriformes, Ornithomimosauria, Ornithomimidae, Anserimimus",planinychus,Late Cretaceous,Mongolia
sci_177,"Dinosauria, Saurischia, Theropoda, Neotherapoda, Tetanurae, Avetherapoda, Carnosauria, Cryolophosaurus",elliotti,Early Jurassic,Antarctica
sci_178,"Dinosauria, Saurischia, Theropoda, Neotherapoda, Ceratosauria, Neoceratosauria, Abelisauridae, Rugops",primus,Late Cretaceous,Niger
sci_179,"Dinosauria, Saurischia, Theropoda, Neotherapoda, Tetanurae, Avetherapoda, Coelurosauria, Tyrannoraptora, Maniraptoriformes, Ornithomimosauria, Ornithomimidae, Ornithomimus",velox,Late Cretaceous,Canada; USA
sci_180,"Dinosauria, Ornithischia, Genasauria, Thyreophora, Ankylosauromorpha, Ankylosauria, Ankylosauridae, Ankylosaurus",magniventris,Late Cretaceous,Canada; USA
sci_181,"Dinosauria, Saurischia, Sauropodomorpha, Prosauropoda, Plateosauria, Plateosauridae, Coloradisaurus",brevis,Late Triassic,Argentina
sci_182,"Dinosauria, Saurischia, Sauropodomorpha, Sauropoda, Eusauropoda, Neosauropoda, Macronaria, Europasaurus",holgeri,Late Jurassic,Germany
sci_183,"Dinosauria, Ornithischia, Genasauria, Cerapoda, Ornithopoda, Euornithopoda, Iguanadontia, Euiguanadontia, Dryomorpha, Ankylopollexia, Iguanodontoidea, Hadrosauridae, Euhadrosauria, Hadrosaurinae, Kritosaurus",navajovius,Late Cretaceous,Argentina; USA
sci_184,"Dinosauria, Saurischia, Theropoda, Neotherapoda, Tetanurae, Avetherapoda, Coelurosauria, Compsognathidae, Juravenator",starki,Late Jurassic,Germany
sci_185,"Dinosauria, Saurischia, Theropoda, Neotherapoda, Tetanurae, Metriacanthosaurus",parkeri,Late Jurassic,England; United Kingdom
sci_186,"Dinosauria, Ornithischia, Genasauria, Cerapoda, Ornithopoda, Euornithopoda, Iguanadontia, Euiguanadontia, Dryomorpha, Ankylopollexia, Iguanodontoidea, Eolambia",caroljonesa,Late Cretaceous,USA
sci_187,"Dinosauria, Ornithischia, Genasauria, Cerapoda, Ornithopoda, Euornithopoda, Iguanadontia, Euiguanadontia, Dryomorpha, Ankylopollexia, Iguanodontoidea, Hadrosauridae, Euhadrosauria, Lambeosaurinae, Jaxartosaurus",aralensis,Late Cretaceous,Kazakhstan
sci_188,"Dinosauria, Ornithischia, Genasauria, Thyreophora, Ankylosauromorpha, Ankylosauria, Ankylosauridae, Pinacosaurus",grangeri,Late Cretaceous,Peoples Republic of China; Mongolia
sci_189,"Dinosauria, Ornithischia, Genasauria, Thyreophora, Stegosauria, Stegosauridae, Stegosaurinae, Chungkingosaurus",jiangbeiensis,Late Jurassic,Peoples Republic of China
sci_190,"Dinosauria, Ornithischia, Genasauria, Thyreophora, Stegosauria, Stegosauridae, Stegosaurinae, Stegosaurus",armatus,Late Jurassic,USA
sci_191,"Dinosauria, Saurischia, Theropoda, Neotherapoda, Tetanurae, Avetherapoda, Coelurosauria, Tyrannoraptora, Maniraptoriformes, Ornithomimosauria, Deinocheirus",mirificus,Late Cretaceous,Mongolia
sci_192,"Dinosauria, Saurischia, Sauropodomorpha, Sauropoda, Datousaurus",bashanensis,Mid Jurassic,Peoples Republic of China
sci_193,"Dinosauria, Ornithischia, Albertaceratops",nesmoi,Late Cretaceous,Canada; USA
sci_194,"Dinosauria, Saurischia, Theropoda, Neotherapoda, Tetanurae, Avetherapoda, Coelurosauria, Tyrannoraptora, Maniraptoriformes, Maniraptora, Paraves, Eumaniraptoria, Troodontidae, Borogovia",gracilicrus,Late Cretaceous,Mongolia
sci_195,"Dinosauria, Saurischia, Theropoda, Neotherapoda, Tetanurae, Spinosauroidea, Spinosauridae, Baryonychinae, Suchomimus",tenerensis,Early Cretaceous,Niger
sci_196,"Dinosauria, Saurischia, Sauropodomorpha, Prosauropoda, Anchisauria, Aardonyx",celestae,Early Jurassic,South Africa
sci_197,"Dinosauria, Saurischia, Theropoda, Neotherapoda, Ceratosauria, Neoceratosauria, Ceratosaurus",nasicornis,Late Jurassic,USA
sci_198,"Dinosauria, Ornithischia, Genasauria, Thyreophora, Stegosauria, Stegosauridae, Dacentrurus",armatus,Late Jurassic,England; United Kingdom; Portugal; France
sci_199,"Dinosauria, Saltopus, Saltopus",elginensis,Late Triassic,Scotland; United Kingdom
sci_200,"Dinosauria, Ornithischia, Genasauria, Cerapoda, Marginocephalia, Ceratopsia, Neoceratopsia, Coronosauria, Ceratopsomorpha, Ceratopsidae, Chasmosaurinae, Pentaceratops",sternbergi,Late Cretaceous,USA
sci_201,"Dinosauria, Ornithischia, Genasauria, Cerapoda, Ornithopoda, Euornithopoda, Iguanadontia, Euiguanadontia, Dryomorpha, Ankylopollexia, Iguanodontoidea, Hadrosauridae, Euhadrosauria, Lambeosaurinae, Hypacrosaurus",altispinus,Late Cretaceous,Canada; USA
sci_202,"Dinosauria, Saurischia, Theropoda, Neotherapoda, Ceratosauria, Coelophysoidea, Dilophosaurus",wetherilli,Early Jurassic,USA
sci_203,"Dinosauria, Saurischia, Sauropodomorpha, Sauropoda, Eusauropoda, Neosauropoda, Macronaria, Camarasauromorpha, Titanosauriformes, Titanosauria, Lithostrotia, Isisaurus",colberti,Late Cretaceous,India
sci_204,"Dinosauria, Ornithischia, Genasauria, Cerapoda, Ornithopoda, Euornithopoda, Yandusaurus",hongheensis,Mid Jurassic,Peoples Republic of China
sci_205,"Dinosauria, Saurischia, Sauropodomorpha, Sauropoda, Eusauropoda, Neosauropoda, Diplodocoidea, Dicraeosauridae, Dicraeosaurus",hansemanni,Late Jurassic,Tanzania
sci_206,"Dinosauria, Saurischia, Sauropodomorpha, Prosauropoda, Plateosauria, Jingshanosaurus",xinwaensis,Early Jurassic,Peoples Republic of China
sci_207,"Dinosauria, Saurischia, Theropoda, Neotherapoda, Tetanurae, Avetherapoda, Coelurosauria, Tyrannoraptora, Maniraptoriformes, Maniraptora, Therizinosauroidea, Therizinosauridae, Nothronychus",mckinleyi,Late Cretaceous,USA
sci_208,"Dinosauria, Ornithischia, Genasauria, Thyreophora, Ankylosauromorpha, Ankylosauria, Nodosauridae, Silvisaurus",condrayi,Early Cretaceous,USA
sci_209,"Dinosauria, Ornithischia, Genasauria, Cerapoda, Ornithopoda, Euornithopoda, Iguanadontia, Euiguanadontia, Dryomorpha, Ankylopollexia, Iguanodontoidea, Hadrosauridae, Secernosaurus",koerneri,Late Cretaceous,Argentina
sci_210,"Dinosauria, Saurischia, Theropoda, Neotherapoda, Tetanurae, Avetherapoda, Coelurosauria, Tyrannoraptora, Tyrannosauroidea, Tyrannosauridae, Albertosaurinae, Albertosaurus",libratus,Late Cretaceous,Canada
sci_211,"Dinosauria, Ornithischia, Genasauria, Cerapoda, Marginocephalia, Ceratopsia, Neoceratopsia, Coronosauria, Ceratopsomorpha, Ceratopsidae, Centrosaurinae, Pachyrhinosaurus",canadensis,Late Cretaceous,Canada
sci_212,"Dinosauria, Ornithischia, Genasauria, Cerapoda, Marginocephalia, Pachycephalosauria, Goyocephala, Homalocephaloidea, Pachycephalosauridae, Tylocephale",gilmorei,Late Cretaceous,Mongolia
sci_213,"Dinosauria, Ornithischia, Genasauria, Cerapoda, Marginocephalia, Ceratopsia, Neoceratopsia, Coronosauria, Microceratops",gobiensis,Late Cretaceous,Peoples Republic of China; Mongolia
sci_214,"Dinosauria, Ornithischia, Genasauria, Cerapoda, Ornithopoda, Euornithopoda, Gasparinisaura",cincosaltensis,Late Cretaceous,Argentina
sci_215,"Dinosauria, Saurischia, Sauropodomorpha, Prosauropoda, Plateosauria, Plateosauridae, Lufengosaurus",huenei,Early Jurassic,Peoples Republic of China
sci_216,"Dinosauria, Saurischia, Sauropodomorpha, Sauropoda, Rhoetosaurus",brownei,Mid Jurassic,Australia
sci_217,"Dinosauria, Ornithischia, Genasauria, Cerapoda, Ornithopoda, Euornithopoda, Iguanadontia, Euiguanadontia, Dryomorpha, Ankylopollexia, Iguanodontoidea, Hadrosauridae, Euhadrosauria, Hadrosaurinae, Edmontosaurus",regalis,Late Cretaceous,Canada
sci_218,"Dinosauria, Saurischia, Sauropodomorpha, Sauropoda, Eusauropoda, Shunosaurus",lii,Mid Jurassic,Peoples Republic of China
sci_219,"Dinosauria, Saurischia, Theropoda, Neotherapoda, Tetanurae, Spinosauroidea, Megalosauridae, Eustreptospondylinae, Eustreptospondylus",oxoniensis,Mid Jurassic,England; United Kingdom
sci_220,"Dinosauria, Saurischia, Sauropodomorpha, Sauropoda, Eusauropoda, Neosauropoda, Diplodocoidea, Dicraeosauridae, Amargasaurus",cazaui,Early Cretaceous,Argentina
sci_221,"Dinosauria, Saurischia, Theropoda, Neotherapoda, Ceratosauria, Coelophysoidea, Procompsognathus",triassicus,Late Triassic,Germany
sci_222,"Dinosauria, Saurischia, Theropoda, Neotherapoda, Tetanurae, Spinosauroidea, Spinosauridae, Spinosaurinae, Spinosaurus",aegyptiacus,Late Cretaceous,Egypt; Morocco
sci_223,"Dinosauria, Saurischia, Sauropodomorpha, Sauropoda, Eusauropoda, Neosauropoda, Macronaria, Camarasauromorpha, Titanosauriformes, Titanosauria, Janenschia",robusta,Late Jurassic,Tanzania
sci_224,"Dinosauria, Ornithischia, Oryctodromeus",cubicularis,Late Cretaceous,USA
sci_225,"Dinosauria, Ornithischia, Genasauria, Thyreophora, Ankylosauromorpha, Ankylosauria, Ankylosaurinae, Tarchia",gigantea,Late Cretaceous,Mongolia
sci_226,"Dinosauria, Saurischia, Sauropodomorpha, Sauropoda, Eusauropoda, Omeisaurus",junghsiensis,Mid Jurassic,Peoples Republic of China
sci_227,"Dinosauria, Ornithischia, Genasauria, Cerapoda, Marginocephalia, Pachycephalosauria, Goyocephala, Homalocephaloidea, Pachycephalosauridae, Stegoceras",validum,Late Cretaceous,Canada; USA
sci_228,"Dinosauria, Saurischia, Sauropodomorpha, Sauropoda, Eusauropoda, Cetiosauridae, Barapasaurus",tagorei,Early Jurassic,India
sci_229,"Dinosauria, Saurischia, Theropoda, Neotherapoda, Tetanurae, Avetherapoda, Carnosauria, Allosauroidea, Sinraptoridae, Sinraptor",hepingensis,Mid Jurassic,Peoples Republic of China
sci_230,"Dinosauria, Saurischia, Theropoda, Neotherapoda, Tetanurae, Avetherapoda, Carnosauria, Allosauroidea, Carcharodontosauridae, Acrocanthosaurus",atokensis,Early Cretaceous,Canada; USA
sci_231,"Dinosauria, Saurischia, Sauropodomorpha, Sauropoda, Kotasaurus",yamanpalliensis,Early Jurassic,India
sci_232,"Dinosauria, Saurischia, Sauropodomorpha, Prosauropoda, Plateosauria, Yunnanosaurus",huangi,Early Jurassic,Peoples Republic of China
sci_233,"Dinosauria, Saurischia, Sauropodomorpha, Sauropoda, Eusauropoda, Neosauropoda, Macronaria, Camarasauromorpha, Titanosauriformes, Brachiosauridae, Giraffatitan",brancai,Late Jurassic,Tanzania
sci_234,"Dinosauria, Saurischia, Sauropodomorpha, Sauropoda, Eusauropoda, Neosauropoda, Macronaria, Camarasauromorpha, Titanosauriformes, Titanosauria, Ligabuesaurus",leanzai,Early Cretaceous,Argentina
sci_235,"Dinosauria, Ornithischia, Genasauria, Cerapoda, Ornithopoda, Euornithopoda, Iguanadontia, Euiguanadontia, Dryomorpha, Ankylopollexia, Iguanodontoidea, Protohadros",byrdi,Late Cretaceous,USA
sci_236,"Dinosauria, Saurischia, Sauropodomorpha, Sauropoda, Eusauropoda, Neosauropoda, Diplodocoidea, Dicraeosauridae, Brachytrachelopan",mesai,Mid Jurassic,Argentina
sci_237,"Dinosauria, Saurischia, Sauropodomorpha, Sauropoda, Eusauropoda, Neosauropoda, Macronaria, Camarasauromorpha, Titanosauriformes, Titanosauria, Lithostrotia, Malawisaurus",dixeyi,Early Cretaceous,Malawi
sci_238,"Dinosauria, Ornithischia, Genasauria, Cerapoda, Ornithopoda, Euornithopoda, Othnielia",rex,Late Jurassic,USA
sci_239,"Dinosauria, Saurischia, Theropoda, Herrerasauridae, Staurikosaurus",pricei,Late Triassic,Brazil
sci_240,"Dinosauria, Saurischia, Theropoda, Neotherapoda, Ceratosauria, Coelophysoidea, Coelophysidae, Coelophysis",bauri,Late Triassic,USA
sci_241,"Dinosauria, Ornithischia, Genasauria, Thyreophora, Ankylosauromorpha, Ankylosauria, Ankylosauridae, Gobisaurus",domoculus,Early Cretaceous,Peoples Republic of China
sci_242,"Dinosauria, Ornithischia, Genasauria, Cerapoda, Ornithopoda, Euornithopoda, Iguanadontia, Euiguanadontia, Dryomorpha, Ankylopollexia, Iguanodontoidea, Hadrosauridae, Euhadrosauria, Hadrosaurinae, Prosaurolophus",maximus,Late Cretaceous,Canada; USA
sci_243,"Dinosauria, Saurischia, Theropoda, Neotherapoda, Tetanurae, Avetherapoda, Coelurosauria, Tyrannoraptora, Maniraptoriformes, Ornithomimosauria, Harpymimus",okladnikovi,Early Cretaceous,Mongolia
sci_244,"Dinosauria, Ornithischia, Genasauria, Cerapoda, Marginocephalia, Ceratopsia, Neoceratopsia, Coronosauria, Ceratopsomorpha, Ceratopsidae, Chasmosaurinae, Chasmosaurus",belli,Late Cretaceous,Canada
sci_245,"Dinosauria, Ornithischia, Genasauria, Cerapoda, Marginocephalia, Ceratopsia, Neoceratopsia, Coronosauria, Ceratopsomorpha, Ceratopsidae, Centrosaurinae, Avaceratops",lammersi,Late Cretaceous,USA
sci_246,"Dinosauria, Saurischia, Theropoda, Neotherapoda, Tetanurae, Spinosauroidea, Megalosauridae, Megalosaurinae, Torvosaurus",tanneri,Late Jurassic,USA
sci_247,"Dinosauria, Saurischia, Sauropodomorpha, Sauropoda, Eusauropoda, Neosauropoda, Macronaria, Camarasauromorpha, Titanosauriformes, Lapparentosaurus",madagascariensis,Mid Jurassic,Madagascar
sci_248,"Dinosauria, Ornithischia, Genasauria, Cerapoda, Marginocephalia, Ceratopsia, Neoceratopsia, Coronosauria, Ceratopsomorpha, Ceratopsidae, Chasmosaurinae, Diceratops",hatcheri,Late Cretaceous,USA
sci_249,"Dinosauria, Saurischia, Sauropodomorpha, Sauropoda, Eusauropoda, Neosauropoda, Macronaria, Jobaria",tiguidensis,Early Cretaceous,Niger
sci_250,"Dinosauria, Saurischia, Theropoda, Neotherapoda, Tetanurae, Avetherapoda, Coelurosauria, Tyrannoraptora, Tyrannosauroidea, Tyrannosauridae, Tyrannosaurinae, Daspletosaurus",torosus,Late Cretaceous,Canada
sci_251,"Dinosauria, Saurischia, Theropoda, Neotherapoda, Tetanurae, Avetherapoda, Coelurosauria, Tyrannoraptora, Tyrannosauroidea, Tyrannosauridae, Tyrannosaurinae, Nanotyrannus",lancenis,Late Cretaceous,USA
sci_252,"Dinosauria, Saurischia, Theropoda, Neotherapoda, Tetanurae, Avetherapoda, Coelurosauria, Tyrannoraptora, Maniraptoriformes, Maniraptora, Paraves, Eumaniraptoria, Troodontidae, Saurornithoides",mongoliensis,Late Cretaceous,Mongolia
sci_253,"Dinosauria, Ornithischia, Genasauria, Thyreophora, Stegosauria, Stegosauridae, Stegosaurinae, Chialingosaurus",kuani,Late Jurassic,Peoples Republic of China
sci_254,"Dinosauria, Saurischia, Sauropodomorpha, Prosauropoda, Anchisauria, Anchisauridae, Ammosaurus",major,Early Jurassic,USA
sci_255,"Dinosauria, Saurischia, Theropoda, Neotherapoda, Ceratosauria, Sarcosaurus",woodi,Early Jurassic,England; United Kingdom
sci_256,"Dinosauria, Saurischia, Theropoda, Neotherapoda, Tetanurae, Avetherapoda, Coelurosauria, Compsognathidae, Compsognathus",longipes,Late Jurassic,Germany; France
sci_257,"Dinosauria, Ornithischia, Genasauria, Cerapoda, Ornithopoda, Euornithopoda, Iguanadontia, Euiguanadontia, Dryomorpha, Ankylopollexia, Iguanodontoidea, Hadrosauridae, Euhadrosauria, Hadrosaurinae, Aralosaurus",tuberiferus,Late Cretaceous,Kazakhstan
sci_258,"Dinosauria, Saurischia, Sauropodomorpha, Sauropoda, Eusauropoda, Neosauropoda, Macronaria, Camarasauromorpha, Camarasauridae, Camarasaurus",supremus,Late Jurassic,USA
sci_259,"Dinosauria, Ornithischia, Genasauria, Cerapoda, Marginocephalia, Ceratopsia, Neoceratopsia, Bagaceratopsidae, Platyceratops",tatarinovi,Late Cretaceous,Mongolia
sci_260,"Dinosauria, Saurischia, Theropoda, Neotherapoda, Tetanurae, Avetherapoda, Coelurosauria, Ornitholestes",hermanni,Late Jurassic,USA
sci_261,"Dinosauria, Saurischia, Theropoda, Neotherapoda, Tetanurae, Avetherapoda, Coelurosauria, Tyrannoraptora, Maniraptoriformes, Ornithomimosauria, Ornithomimidae, Struthiomimus",altus,Late Cretaceous,Canada
sci_262,"Dinosauria, Ornithischia, Genasauria, Thyreophora, Ankylosauromorpha, Ankylosauria, Hylaeosaurus",armatus,Early Cretaceous,England; United Kingdom
sci_263,"Dinosauria, Saurischia, Sauropodomorpha, Sauropoda, Eusauropoda, Cetiosauridae, Patagosaurus",fariasi,Mid Jurassic,Argentina
sci_264,"Dinosauria, Saurischia, Theropoda, Neotherapoda, Ceratosauria, Neoceratosauria, Abelisauridae, Majungatholus",atopus,Late Cretaceous,Madagascar
sci_265,"Dinosauria, Ornithischia, Genasauria, Cerapoda, Ornithopoda, Euornithopoda, Iguanadontia, Euiguanadontia, Dryomorpha, Ankylopollexia, Iguanodontoidea, Hadrosauridae, Euhadrosauria, Hadrosaurinae, Shantungosaurus",giganteus,Late Cretaceous,Peoples Republic of China
sci_266,"Dinosauria, Saurischia, Theropoda, Neotherapoda, Tetanurae, Avetherapoda, Coelurosauria, Tyrannoraptora, Maniraptoriformes, Maniraptora, Paraves, Eumaniraptora, Dromaeosauridae, Dromaeosaurus",albertensis,Late Cretaceous,Canada; USA
sci_267,"Dinosauria, Ornithischia, Genasauria, Cerapoda, Ornithopoda, Euornithopoda, Iguanadontia, Euiguanadontia, Dryomorpha, Ankylopollexia, Iguanodontoidea, Hadrosauridae, Euhadrosauria, Lambeosaurinae, Parasaurolophus",walkeri,Late Cretaceous,Canada; USA
sci_268,"Dinosauria, Saurischia, Sauropodomorpha, Sauropoda, Eusauropoda, Neosauropoda, Macronaria, Camarasauromorpha, Titanosauriformes, Titanosauria, Lithostrotia, Antarctosaurus",wichmannianus,Late Cretaceous,Argentina; Chile; Uruguay
sci_269,"Dinosauria, Saurischia, Theropoda, Neotherapoda, Tetanurae, Avetherapoda, Coelurosauria, Tyrannoraptora, Maniraptoriformes, Maniraptora, Therizinosauroidea, Therizinosauridae, Segnosaurus",galbinensis,Late Cretaceous,Mongolia
sci_270,"Dinosauria, Ornithischia, Genasauria, Cerapoda, Ornithopoda, Euornithopoda, Iguanadontia, Euiguanadontia, Dryomorpha, Ankylopollexia, Iguanodontoidea, Hadrosauridae, Tanius",sinensis,Late Cretaceous,Peoples Republic of China
sci_271,"Dinosauria, Saurischia, Sauropodomorpha, Sauropoda, Eusauropoda, Neosauropoda, Diplodocoidea, Nemegtosauridae, Nemegtosaurus",mongoliensis,Late Cretaceous,Mongolia
sci_272,"Dinosauria, Saurischia, Theropoda, Neotherapoda, Tetanurae, Avetherapoda, Carnosauria, Allosauroidea, Carcharodontosauridae, Giganotosaurus",carolinii,Early Cretaceous,Argentina
sci_273,"Dinosauria, Saurischia, Theropoda, Neotherapoda, Tetanurae, Becklespinax",altispinax,Early Cretaceous,England; United Kingdom
sci_274,"Dinosauria, Ornithischia, Genasauria, Cerapoda, Marginocephalia, Pachycephalosauria, Goyocephala, Goyocephale",lattimorei,Late Cretaceous,Mongolia
sci_275,"Dinosauria, Saurischia, Theropoda, Neotherapoda, Tetanurae, Avetherapoda, Coelurosauria, Tyrannoraptora, Maniraptoriformes, Maniraptora, Oviraptorosauria, Caudipterygidae, Caudipteryx",zoui,Early Cretaceous,Peoples Republic of China
sci_276,"Dinosauria, Saurischia, Theropoda, Neotherapoda, Tetanurae, Avetherapoda, Coelurosauria, Tyrannoraptora, Maniraptoriformes, Maniraptora, Alvarezsauridae, Alvarezsaurus",calvoi,Late Cretaceous,Argentina
sci_277,"Dinosauria, Ornithischia, Genasauria, Thyreophora, Stegosauria, Stegosauridae, Dravidosaurus",blanfordi,Late Cretaceous,India
sci_278,"Dinosauria, Saurischia, Theropoda, Neotherapoda, Tetanurae, Avetherapoda, Coelurosauria, Tyrannoraptora, Maniraptoriformes, Maniraptora, Paraves, Eumaniraptora, Dromaeosauridae, Unenlagia",comahuensis,Late Cretaceous,Argentina
sci_279,"Dinosauria, Saurischia, Theropoda, Herrerasauridae, Chindesaurus",bryansmalli,Late Triassic,USA
sci_280,"Dinosauria, Ornithischia, Genasauria, Cerapoda, Marginocephalia, Pachycephalosauria, Goyocephala, Homalocephaloidea, Pachycephalosauridae, Dracorex",hogwartsia,Late Cretaceous,USA
sci_281,"Dinosauria, Saurischia, Sauropodomorpha, Sauropoda, Eusauropoda, Neosauropoda, Macronaria, Camarasauromorpha, Titanosauriformes, Titanosauria, Chubutisaurus",insignis,Early Cretaceous,Argentina
sci_282,"Dinosauria, Ornithischia, Genasauria, Cerapoda, Ornithopoda, Euornithopoda, Thescelosaurus",neglectus,Late Cretaceous,Canada; USA
sci_283,"Dinosauria, Saurischia, Theropoda, Neotherapoda, Tetanurae, Avetherapoda, Coelurosauria, Tyrannoraptora, Maniraptoriformes, Maniraptora, Oviraptorosauria, Caenagnathoidea, Oviraptoridae, Oviraptorinae, Oviraptor",philoceratops,Late Cretaceous,Mongolia
sci_284,"Dinosauria, Saurischia, Theropoda, Neotherapoda, Ceratosauria, Neoceratosauria, Indosuchus",raptorius,Late Cretaceous,India
sci_285,"Dinosauria, Ornithischia, Genasauria, Thyreophora, Ankylosauromorpha, Ankylosauria, Ankylosauridae, Euoplocephalus",tutus,Late Cretaceous,Canada; USA
sci_286,"Dinosauria, Ornithischia, Genasauria, Cerapoda, Marginocephalia, Pachycephalosauria, Goyocephala, Homalocephaloidea, Pachycephalosauridae, Stygimoloch",spinifer,Late Cretaceous,USA
sci_287,"Dinosauria, Saurischia, Theropoda, Neotherapoda, Tetanurae, Avetherapoda, Coelurosauria, Tyrannoraptora, Maniraptoriformes, Maniraptora, Paraves, Eumaniraptora, Dromaeosauridae, Velociraptor",mongoliensis,Late Cretaceous,Mongolia
sci_288,"Dinosauria, Saurischia, Theropoda, Neotherapoda, Tetanurae, Avetherapoda, Coelurosauria, Tyrannoraptora, Maniraptoriformes, Maniraptora, Paraves, Eumaniraptoria, Avialae, Archaeopterygidae, Archaeopteryx",lithographica,Late Jurassic,Germany
sci_289,"Dinosauria, Ornithischia, Genasauria, Cerapoda, Ornithopoda, Euornithopoda, Parksosaurus",warrenae,Late Cretaceous,Canada
sci_290,"Dinosauria, Ornithischia, Genasauria, Cerapoda, Ornithopoda, Euornithopoda, Iguanadontia, Euiguanadontia, Dryomorpha, Ankylopollexia, Iguanodontoidea, Hadrosauridae, Euhadrosauria, Lambeosaurinae, Corythosaurus",casuarius,Late Cretaceous,Canada; USA
sci_291,"Dinosauria, Saurischia, Theropoda, Neotherapoda, Tetanurae, Avetherapoda, Coelurosauria, Tyrannoraptora, Maniraptoriformes, Maniraptora, Oviraptorosauria, Caenagnathoidea, Oviraptoridae, Oviraptorinae, Citipati",osmolskae,Late Cretaceous,Mongolia
sci_292,"Dinosauria, Saurischia, Sauropodomorpha, Prosauropoda, Azendohsaurus",laaroussi,Late Triassic,Morocco
sci_293,"Dinosauria, Ornithischia, Genasauria, Cerapoda, Marginocephalia, Ceratopsia, Neoceratopsia, Coronosauria, Ceratopsomorpha, Ceratopsidae, Centrosaurinae, Einiosaurus",procurvicornis,Late Cretaceous,USA
sci_294,"Dinosauria, Saurischia, Theropoda, Neotherapoda, Tetanurae, Avetherapoda, Coelurosauria, Tyrannoraptora, Maniraptoriformes, Ornithomimosauria, Ornithomimidae, Archaeornithomimus",asiaticus,Late Cretaceous,Peoples Republic of China; Uzbekistan
sci_295,"Dinosauria, Saurischia, Lophostropheus",airelensis,Early Jurassic,France
sci_296,"Dinosauria, Saurischia, Theropoda, Neotherapoda, Tetanurae, Spinosauroidea, Megalosauridae, Eustreptospondylinae, Dubreuillosaurus",valesdunensis,Late Jurassic,France
sci_297,"Dinosauria, Saurischia, Theropoda, Neotherapoda, Ceratosauria, Neoceratosauria, Abelisauroidea, Abelisauria, Masiakasaurus",knopfleri,Late Cretaceous,Madagascar
sci_298,"Dinosauria, Saurischia, Theropoda, Neotherapoda, Tetanurae, Avetherapoda, Coelurosauria, Tyrannoraptora, Maniraptoriformes, Maniraptora, Oviraptorosauria, Avimimidae, Avimimus",portentosus,Late Cretaceous,Peoples Republic of China; Mongolia
sci_299,"Dinosauria, Saurischia, Sauropodomorpha, Sauropoda, Eusauropoda, Neosauropoda, Macronaria, Camarasauromorpha, Titanosauriformes, Titanosauria, Austrosaurus",mckillopi,Early Cretaceous,Australia
sci_300,"Dinosauria, Ornithischia, Genasauria, Thyreophora, Stegosauria, Yingshanosaurus",jichuanensis,Late Jurassic,Peoples Republic of China
sci_301,"Dinosauria, Saurischia, Theropoda, Neotherapoda, Tetanurae, Avetherapoda, Marshosaurus",bicentesimus,Late Jurassic,USA
sci_302,"Dinosauria, Ornithischia, Genasauria, Cerapoda, Ornithopoda, Euornithopoda, Hypsilophodontidae, Hypsilophodon",foxii,Early Cretaceous,England; United Kingdom; Spain
sci_303,"Dinosauria, Saurischia, Sauropodomorpha, Sauropoda, Eusauropoda, Neosauropoda, Diplodocoidea, Diplodocidae, Diplodocus",longus,Late Jurassic,USA
sci_304,"Dinosauria, Saurischia, Theropoda, Neotherapoda, Tetanurae, Spinosauroidea, Megalosauridae, Megalosaurinae, Megalosaurus",bucklandii,Mid Jurassic,England; United Kingdom
sci_305,"Dinosauria, Saurischia, Sauropodomorpha, Sauropoda, Eusauropoda, Neosauropoda, Diplodocoidea, Diplodocidae, Apatosaurus",ajax,Late Jurassic,USA
sci_306,"Dinosauria, Saurischia, Sauropodomorpha, Sauropoda, Eusauropoda, Neosauropoda, Macronaria, Camarasauromorpha, Titanosauriformes, Pleurocoelus",nanus,Early Cretaceous,USA
sci_307,"Dinosauria, Saurischia, Theropoda, Neotherapoda, Tetanurae, Avetherapoda, Carnosauria, Allosauroidea, Carcharodontosauridae, Neovenator",salerii,Early Cretaceous,England; United Kingdom
sci_308,"Dinosauria, Ornithischia, Genasauria, Thyreophora, Ankylosauromorpha, Ankylosauria, Nodosauridae, Nodosaurus",textilis,Early Cretaceous,USA